{
  "properties": {
    "connectionReferences": {
      "shared_dynamicssmbsaas": {
        "runtimeSource": "embedded",
        "connection": {
          "connectionReferenceLogicalName": "boobcm_shareddynamicssmbsaas_effca"
        },
        "api": {
          "name": "shared_dynamicssmbsaas"
        }
      },
      "shared_googlecalendar": {
        "runtimeSource": "embedded",
        "connection": {
          "connectionReferenceLogicalName": "boobcm_sharedgooglecalendar_877d5"
        },
        "api": {
          "name": "shared_googlecalendar"
        }
      }
    },
    "definition": {
      "$schema": "https://schema.management.azure.com/providers/Microsoft.Logic/schemas/2016-06-01/workflowdefinition.json#",
      "contentVersion": "1.0.0.0",
      "parameters": {
        "$authentication": {
          "defaultValue": {},
          "type": "SecureObject"
        },
        "$connections": {
          "defaultValue": {},
          "type": "Object"
        }
      },
      "triggers": {
        "When_a_business_event_occurs_(V3)": {
          "splitOn": "@triggerOutputs()?['body/value']",
          "metadata": {
            "operationMetadataId": "6dbe0974-f71e-4bbb-a2d9-b6f6a8d81d1c"
          },
          "type": "OpenApiConnectionWebhook",
          "inputs": {
            "parameters": {
              "bcenvironment": "TEST2",
              "businessevent": "SendBookingToGoogle(c1f9689e-52ac-4950-ac24-236bc7dbc02a)",
              "company": ""
            },
            "host": {
              "apiId": "/providers/Microsoft.PowerApps/apis/shared_dynamicssmbsaas",
              "operationId": "CreateBusinessEventSubscriptionV3",
              "connectionName": "shared_dynamicssmbsaas"
            }
          }
        }
      },
      "actions": {
        "Condition": {
          "actions": {
            "Delete_an_event": {
              "type": "OpenApiConnection",
              "inputs": {
                "parameters": {
                  "calendarId": "eric.durand971@gmail.com",
                  "eventId": "@triggerBody()?['EventId']"
                },
                "host": {
                  "apiId": "/providers/Microsoft.PowerApps/apis/shared_googlecalendar",
                  "operationId": "DeleteEvent",
                  "connectionName": "shared_googlecalendar"
                }
              }
            }
          },
          "runAfter": {},
          "else": {
            "actions": {
              "Condition_1": {
                "actions": {
                  "Create_an_event": {
                    "type": "OpenApiConnection",
                    "inputs": {
                      "parameters": {
                        "calendarId": "eric.durand971@gmail.com",
                        "newEvent/start": "@triggerBody()?['StartDateTime']",
                        "newEvent/end": "@triggerBody()?['EndDateTime']",
                        "newEvent/summary": "@triggerBody()?['Title']",
                        "newEvent/description": "@triggerBody()?['Description']",
                        "newEvent/location": "@triggerBody()?['Location']",
                        "newEvent/attendees": "@triggerBody()?['Attendees']"
                      },
                      "host": {
                        "apiId": "/providers/Microsoft.PowerApps/apis/shared_googlecalendar",
                        "operationId": "CreateEvent",
                        "connectionName": "shared_googlecalendar"
                      }
                    }
                  },
                  "Delete_record_(V3)": {
                    "runAfter": {
                      "Create_an_event": [
                        "Succeeded"
                      ]
                    },
                    "type": "OpenApiConnection",
                    "inputs": {
                      "parameters": {
                        "bcenvironment": "TEST2",
                        "company": "44145ffa-beb8-f011-bbd1-000d3aa808b2",
                        "dataset": "matchbc/bookingsBOOBCM/v1.0",
                        "table": "bookingsBOOBCM",
                        "id": "@triggerBody()?['EventId']"
                      },
                      "host": {
                        "apiId": "/providers/Microsoft.PowerApps/apis/shared_dynamicssmbsaas",
                        "operationId": "DeleteItemV3",
                        "connectionName": "shared_dynamicssmbsaas"
                      }
                    }
                  }
                },
                "else": {
                  "actions": {
                    "Update_an_event": {
                      "metadata": {
                        "operationMetadataId": "2bcf0db6-23a2-4f22-8c8b-96b9cad9a57a"
                      },
                      "type": "OpenApiConnection",
                      "inputs": {
                        "parameters": {
                          "calendarId": "eric.durand971@gmail.com",
                          "eventId": "@triggerBody()?['EventId']",
                          "updatedEvent/summary": "@triggerBody()?['Title']",
                          "updatedEvent/start": "@triggerBody()?['StartDateTime']",
                          "updatedEvent/end": "@triggerBody()?['EndDateTime']",
                          "updatedEvent/location": "@triggerBody()?['Location']",
                          "updatedEvent/attendees": "@triggerBody()?['Attendees']"
                        },
                        "host": {
                          "apiId": "/providers/Microsoft.PowerApps/apis/shared_googlecalendar",
                          "operationId": "UpdateEvent",
                          "connectionName": "shared_googlecalendar"
                        }
                      }
                    }
                  }
                },
                "expression": {
                  "and": [
                    {
                      "equals": [
                        "@triggerBody()?['ActionType']",
                        "new"
                      ]
                    }
                  ]
                },
                "type": "If"
              }
            }
          },
          "expression": {
            "or": [
              {
                "contains": [
                  "@triggerBody()?['Status']",
                  "Cancelled"
                ]
              },
              {
                "contains": [
                  "@triggerBody()?['ActionType']",
                  "Deleted"
                ]
              }
            ]
          },
          "type": "If"
        }
      }
    },
    "templateName": null
  },
  "schemaVersion": "1.0.0.0"
}