{
  "properties": {
    "connectionReferences": {
      "shared_googlecalendar": {
        "runtimeSource": "embedded",
        "connection": {
          "connectionReferenceLogicalName": "boobcm_sharedgooglecalendar_877d5"
        },
        "api": {
          "name": "shared_googlecalendar"
        }
      },
      "shared_dynamicssmbsaas": {
        "runtimeSource": "embedded",
        "connection": {
          "connectionReferenceLogicalName": "boobcm_shareddynamicssmbsaas_effca"
        },
        "api": {
          "name": "shared_dynamicssmbsaas"
        }
      }
    },
    "definition": {
      "$schema": "https://schema.management.azure.com/providers/Microsoft.Logic/schemas/2016-06-01/workflowdefinition.json#",
      "contentVersion": "1.0.0.0",
      "parameters": {
        "$authentication": {
          "defaultValue": {},
          "type": "SecureObject"
        },
        "$connections": {
          "defaultValue": {},
          "type": "Object"
        }
      },
      "triggers": {
        "When_an_event_is_added,_updated_or_deleted_from_a_calendar": {
          "recurrence": {
            "interval": 1,
            "frequency": "Minute"
          },
          "splitOn": "@triggerOutputs()?['body/items']",
          "metadata": {
            "operationMetadataId": "b7a0daf8-9787-48b2-8fd7-74305204175d"
          },
          "type": "OpenApiConnection",
          "inputs": {
            "parameters": {
              "calendar_id": "eric.durand971@gmail.com"
            },
            "host": {
              "apiId": "/providers/Microsoft.PowerApps/apis/shared_googlecalendar",
              "operationId": "OnChangedEventInCalendar",
              "connectionName": "shared_googlecalendar"
            }
          }
        }
      },
      "actions": {
        "Condition": {
          "actions": {
            "Create_record_(V3)_1": {
              "type": "OpenApiConnection",
              "inputs": {
                "parameters": {
                  "bcenvironment": "TEST2",
                  "company": "44145ffa-beb8-f011-bbd1-000d3aa808b2",
                  "dataset": "matchbc/bookingsBOOBCM/v1.0",
                  "table": "bookingsBOOBCM",
                  "item/subject": "@triggerOutputs()?['body/summary']",
                  "item/startDateTime": "@formatDateTime(triggerOutputs()?['body/start'], 'yyyy-MM-ddTHH:mm:ssZ')",
                  "item/endDateTime": "@formatDateTime(triggerOutputs()?['body/end'], 'yyyy-MM-ddTHH:mm:ssZ')",
                  "item/body": "@triggerOutputs()?['body/description']",
                  "item/organizer": "@triggerOutputs()?['body/organizer']",
                  "item/icalUID": "@triggerOutputs()?['body/id']",
                  "item/webLink": "@triggerOutputs()?['body/htmlLink']",
                  "item/requiredAttendees": "@triggerOutputs()?['body/attendees']",
                  "item/location": "@triggerOutputs()?['body/location']",
                  "item/source": "Google",
                  "item/Googleid": "@triggerOutputs()?['body/id']"
                },
                "host": {
                  "apiId": "/providers/Microsoft.PowerApps/apis/shared_dynamicssmbsaas",
                  "operationId": "PostItemV3",
                  "connectionName": "shared_dynamicssmbsaas"
                }
              }
            }
          },
          "runAfter": {},
          "else": {
            "actions": {
              "Condition_1": {
                "actions": {
                  "Delete_record_(V3)": {
                    "type": "OpenApiConnection",
                    "inputs": {
                      "parameters": {
                        "bcenvironment": "TEST2",
                        "company": "44145ffa-beb8-f011-bbd1-000d3aa808b2",
                        "dataset": "matchbc/bookingsBOOBCM/v1.0",
                        "table": "bookingsBOOBCM",
                        "id": "@triggerOutputs()?['body/id']"
                      },
                      "host": {
                        "apiId": "/providers/Microsoft.PowerApps/apis/shared_dynamicssmbsaas",
                        "operationId": "DeleteItemV3",
                        "connectionName": "shared_dynamicssmbsaas"
                      }
                    }
                  }
                },
                "else": {
                  "actions": {
                    "Update_record_(V3)": {
                      "type": "OpenApiConnection",
                      "inputs": {
                        "parameters": {
                          "bcenvironment": "TEST2",
                          "company": "44145ffa-beb8-f011-bbd1-000d3aa808b2",
                          "dataset": "matchbc/bookingsBOOBCM/v1.0",
                          "table": "bookingsBOOBCM",
                          "id": "@triggerOutputs()?['body/id']",
                          "item/subject": "@triggerOutputs()?['body/summary']",
                          "item/startDateTime": "@formatDateTime(triggerOutputs()?['body/start'], 'yyyy-MM-ddTHH:mm:ssZ')",
                          "item/endDateTime": "@formatDateTime(triggerOutputs()?['body/end'], 'yyyy-MM-ddTHH:mm:ssZ')",
                          "item/body": "@triggerBody()",
                          "item/organizer": "@triggerOutputs()?['body/organizer']",
                          "item/webLink": "@triggerOutputs()?['body/htmlLink']",
                          "item/requiredAttendees": "@triggerOutputs()?['body/attendees']"
                        },
                        "host": {
                          "apiId": "/providers/Microsoft.PowerApps/apis/shared_dynamicssmbsaas",
                          "operationId": "PatchItemV3",
                          "connectionName": "shared_dynamicssmbsaas"
                        }
                      }
                    }
                  }
                },
                "expression": {
                  "and": [
                    {
                      "equals": [
                        "@triggerOutputs()?['body/actionType']",
                        "deleted"
                      ]
                    }
                  ]
                },
                "type": "If"
              }
            }
          },
          "expression": {
            "and": [
              {
                "equals": [
                  "@triggerOutputs()?['body/actionType']",
                  "added"
                ]
              }
            ]
          },
          "type": "If"
        }
      }
    },
    "templateName": null
  },
  "schemaVersion": "1.0.0.0"
}