<ImportExportXml version="9.2.25122.158" SolutionPackageVersion="9.2" languagecode="1033" generatedBy="CrmLive" xmlns:xsi="http://www.w3.org/2001/XMLSchema-instance" OrganizationVersion="9.2.25122.158" OrganizationSchemaType="Standard" CRMServerServiceabilityVersion="9.2.25122.00158">
  <SolutionManifest>
    <UniqueName>BCBookingsOutlookCalendar</UniqueName>
    <LocalizedNames>
      <LocalizedName description="BCBookingsOutlookCalendar" languagecode="1033" />
    </LocalizedNames>
    <Descriptions />
    <Version>1.0.0.2</Version>
    <Managed>1</Managed>
    <Publisher>
      <UniqueName>Bookings</UniqueName>
      <LocalizedNames>
        <LocalizedName description="Bookings" languagecode="1033" />
      </LocalizedNames>
      <Descriptions>
        <Description description="Bookings" languagecode="1033" />
      </Descriptions>
      <EMailAddress xsi:nil="true"></EMailAddress>
      <SupportingWebsiteUrl xsi:nil="true"></SupportingWebsiteUrl>
      <CustomizationPrefix>boobcm</CustomizationPrefix>
      <CustomizationOptionValuePrefix>62200</CustomizationOptionValuePrefix>
      <Addresses>
        <Address>
          <AddressNumber>1</AddressNumber>
          <AddressTypeCode>1</AddressTypeCode>
          <City xsi:nil="true"></City>
          <County xsi:nil="true"></County>
          <Country xsi:nil="true"></Country>
          <Fax xsi:nil="true"></Fax>
          <FreightTermsCode xsi:nil="true"></FreightTermsCode>
          <ImportSequenceNumber xsi:nil="true"></ImportSequenceNumber>
          <Latitude xsi:nil="true"></Latitude>
          <Line1 xsi:nil="true"></Line1>
          <Line2 xsi:nil="true"></Line2>
          <Line3 xsi:nil="true"></Line3>
          <Longitude xsi:nil="true"></Longitude>
          <Name xsi:nil="true"></Name>
          <PostalCode xsi:nil="true"></PostalCode>
          <PostOfficeBox xsi:nil="true"></PostOfficeBox>
          <PrimaryContactName xsi:nil="true"></PrimaryContactName>
          <ShippingMethodCode>1</ShippingMethodCode>
          <StateOrProvince xsi:nil="true"></StateOrProvince>
          <Telephone1 xsi:nil="true"></Telephone1>
          <Telephone2 xsi:nil="true"></Telephone2>
          <Telephone3 xsi:nil="true"></Telephone3>
          <TimeZoneRuleVersionNumber xsi:nil="true"></TimeZoneRuleVersionNumber>
          <UPSZone xsi:nil="true"></UPSZone>
          <UTCOffset xsi:nil="true"></UTCOffset>
          <UTCConversionTimeZoneCode xsi:nil="true"></UTCConversionTimeZoneCode>
        </Address>
        <Address>
          <AddressNumber>2</AddressNumber>
          <AddressTypeCode>1</AddressTypeCode>
          <City xsi:nil="true"></City>
          <County xsi:nil="true"></County>
          <Country xsi:nil="true"></Country>
          <Fax xsi:nil="true"></Fax>
          <FreightTermsCode xsi:nil="true"></FreightTermsCode>
          <ImportSequenceNumber xsi:nil="true"></ImportSequenceNumber>
          <Latitude xsi:nil="true"></Latitude>
          <Line1 xsi:nil="true"></Line1>
          <Line2 xsi:nil="true"></Line2>
          <Line3 xsi:nil="true"></Line3>
          <Longitude xsi:nil="true"></Longitude>
          <Name xsi:nil="true"></Name>
          <PostalCode xsi:nil="true"></PostalCode>
          <PostOfficeBox xsi:nil="true"></PostOfficeBox>
          <PrimaryContactName xsi:nil="true"></PrimaryContactName>
          <ShippingMethodCode>1</ShippingMethodCode>
          <StateOrProvince xsi:nil="true"></StateOrProvince>
          <Telephone1 xsi:nil="true"></Telephone1>
          <Telephone2 xsi:nil="true"></Telephone2>
          <Telephone3 xsi:nil="true"></Telephone3>
          <TimeZoneRuleVersionNumber xsi:nil="true"></TimeZoneRuleVersionNumber>
          <UPSZone xsi:nil="true"></UPSZone>
          <UTCOffset xsi:nil="true"></UTCOffset>
          <UTCConversionTimeZoneCode xsi:nil="true"></UTCConversionTimeZoneCode>
        </Address>
      </Addresses>
    </Publisher>
    <RootComponents>
      <RootComponent type="29" id="{0bd76dd0-bfc3-f011-bbd3-7c1e5234ef79}" behavior="0" />
      <RootComponent type="29" id="{43756f27-bec3-f011-bbd3-7c1e5234ef79}" behavior="0" />
    </RootComponents>
    <MissingDependencies>
      <MissingDependency>
        <Required type="connectionreference" displayName="boobcm_shareddynamicssmbsaas_effca" solution="Active" id.connectionreferencelogicalname="boobcm_shareddynamicssmbsaas_effca" />
        <Dependent type="29" displayName="BCBookingsToOutlookCalendar" id="{0bd76dd0-bfc3-f011-bbd3-7c1e5234ef79}" />
      </MissingDependency>
      <MissingDependency>
        <Required type="connectionreference" displayName="boobcm_shareddynamicssmbsaas_effca" solution="Active" id.connectionreferencelogicalname="boobcm_shareddynamicssmbsaas_effca" />
        <Dependent type="29" displayName="OutlookCalendarToBCBookings" id="{43756f27-bec3-f011-bbd3-7c1e5234ef79}" />
      </MissingDependency>
      <MissingDependency>
        <Required type="connectionreference" displayName="cr69d_agent.shared_office365.shared-office365-175815df-3e46-4ebd-a420-a4a435c785bd" solution="Active" id.connectionreferencelogicalname="cr69d_agent.shared_office365.shared-office365-175815df-3e46-4ebd-a420-a4a435c785bd" />
        <Dependent type="29" displayName="BCBookingsToOutlookCalendar" id="{0bd76dd0-bfc3-f011-bbd3-7c1e5234ef79}" />
      </MissingDependency>
      <MissingDependency>
        <Required type="connectionreference" displayName="cr69d_agent.shared_office365.shared-office365-175815df-3e46-4ebd-a420-a4a435c785bd" solution="Active" id.connectionreferencelogicalname="cr69d_agent.shared_office365.shared-office365-175815df-3e46-4ebd-a420-a4a435c785bd" />
        <Dependent type="29" displayName="OutlookCalendarToBCBookings" id="{43756f27-bec3-f011-bbd3-7c1e5234ef79}" />
      </MissingDependency>
    </MissingDependencies>
  </SolutionManifest>
</ImportExportXml>