{
  "properties": {
    "connectionReferences": {
      "shared_dynamicssmbsaas": {
        "runtimeSource": "embedded",
        "connection": {
          "connectionReferenceLogicalName": "boobcm_shareddynamicssmbsaas_effca"
        },
        "api": {
          "name": "shared_dynamicssmbsaas"
        }
      },
      "shared_office365": {
        "runtimeSource": "embedded",
        "connection": {
          "connectionReferenceLogicalName": "cr69d_agent.shared_office365.shared-office365-175815df-3e46-4ebd-a420-a4a435c785bd"
        },
        "api": {
          "name": "shared_office365"
        }
      }
    },
    "definition": {
      "$schema": "https://schema.management.azure.com/providers/Microsoft.Logic/schemas/2016-06-01/workflowdefinition.json#",
      "contentVersion": "1.0.0.0",
      "parameters": {
        "$authentication": {
          "defaultValue": {},
          "type": "SecureObject"
        },
        "$connections": {
          "defaultValue": {},
          "type": "Object"
        }
      },
      "triggers": {
        "When_a_business_event_occurs_(V3)": {
          "splitOn": "@triggerOutputs()?['body/value']",
          "type": "OpenApiConnectionWebhook",
          "inputs": {
            "parameters": {
              "bcenvironment": "TEST2",
              "businessevent": "SendBookingToOutlook(c1f9689e-52ac-4950-ac24-236bc7dbc02a)",
              "company": ""
            },
            "host": {
              "apiId": "/providers/Microsoft.PowerApps/apis/shared_dynamicssmbsaas",
              "operationId": "CreateBusinessEventSubscriptionV3",
              "connectionName": "shared_dynamicssmbsaas"
            }
          }
        }
      },
      "actions": {
        "Condition_1": {
          "actions": {
            "Delete_event_(V2)": {
              "type": "OpenApiConnection",
              "inputs": {
                "parameters": {
                  "calendar": "AQMkAGNlYmU3MzQ3LTdlMzktNDc1ZC1hNTliLTYwNmZjZjUwZDc4ZABGAAADwIkkHFxFj0_CFiq0_kXNMAcAceWaccZokEuawr-lfJcUvwAAAgEGAAAAceWaccZokEuawr-lfJcUvwAAAjolAAAA",
                  "event": "@triggerBody()?['ID']"
                },
                "host": {
                  "apiId": "/providers/Microsoft.PowerApps/apis/shared_office365",
                  "operationId": "CalendarDeleteItem_V2",
                  "connectionName": "shared_office365"
                }
              }
            }
          },
          "runAfter": {},
          "else": {
            "actions": {
              "Condition": {
                "actions": {
                  "Create_event_(V4)_1": {
                    "type": "OpenApiConnection",
                    "inputs": {
                      "parameters": {
                        "table": "AQMkAGNlYmU3MzQ3LTdlMzktNDc1ZC1hNTliLTYwNmZjZjUwZDc4ZABGAAADwIkkHFxFj0_CFiq0_kXNMAcAceWaccZokEuawr-lfJcUvwAAAgEGAAAAceWaccZokEuawr-lfJcUvwAAAjolAAAA",
                        "item/subject": "@triggerBody()?['Subject']",
                        "item/start": "@triggerBody()?['StartTime']",
                        "item/end": "@triggerBody()?['EndTime']",
                        "item/timeZone": "(UTC+00:00) Dublin, Edinburgh, Lisbon, London",
                        "item/requiredAttendees": "@triggerBody()?['RequiredAttendees']",
                        "item/optionalAttendees": "@triggerBody()?['OptionalAttendes']",
                        "item/resourceAttendees": "@triggerBody()?['ResourceAttendes']",
                        "item/location": "@triggerBody()?['Location']"
                      },
                      "host": {
                        "apiId": "/providers/Microsoft.PowerApps/apis/shared_office365",
                        "operationId": "V4CalendarPostItem",
                        "connectionName": "shared_office365"
                      }
                    }
                  }
                },
                "else": {
                  "actions": {
                    "Update_event_(V4)": {
                      "type": "OpenApiConnection",
                      "inputs": {
                        "parameters": {
                          "table": "AQMkAGNlYmU3MzQ3LTdlMzktNDc1ZC1hNTliLTYwNmZjZjUwZDc4ZABGAAADwIkkHFxFj0_CFiq0_kXNMAcAceWaccZokEuawr-lfJcUvwAAAgEGAAAAceWaccZokEuawr-lfJcUvwAAAjolAAAA",
                          "id": "@triggerBody()?['ID']",
                          "item/subject": "@triggerBody()?['Subject']",
                          "item/start": "@formatDateTime(triggerOutputs()?['body/starttime'], 'yyyy-MM-ddTHH:mm:ssZ')",
                          "item/end": "@formatDateTime(triggerOutputs()?['body/EndTime'], 'yyyy-MM-ddTHH:mm:ssZ')",
                          "item/timeZone": "(UTC+00:00) Dublin, Edinburgh, Lisbon, London",
                          "item/requiredAttendees": "@triggerBody()?['RequiredAttendees']",
                          "item/optionalAttendees": "@triggerBody()?['OptionalAttendes']",
                          "item/resourceAttendees": "@triggerBody()?['ResourceAttendes']",
                          "item/location": "@triggerBody()?['Location']",
                          "item/importance": "@triggerBody()?['OutlookImportance']",
                          "item/isAllDay": "@triggerBody()?['IsAllDayEvent']",
                          "item/showAs": "@triggerBody()?['OutlookShownAs']",
                          "item/sensitivity": "@triggerBody()?['OutlookSensitivity']"
                        },
                        "host": {
                          "apiId": "/providers/Microsoft.PowerApps/apis/shared_office365",
                          "operationId": "V4CalendarPatchItem",
                          "connectionName": "shared_office365"
                        }
                      }
                    }
                  }
                },
                "expression": {
                  "and": [
                    {
                      "equals": [
                        "@triggerBody()?['ActionType']",
                        "new"
                      ]
                    }
                  ]
                },
                "type": "If"
              }
            }
          },
          "expression": {
            "and": [
              {
                "equals": [
                  "@triggerBody()?['ActionType']",
                  "Deleted"
                ]
              }
            ]
          },
          "type": "If"
        }
      },
      "outputs": {}
    },
    "templateName": null
  },
  "schemaVersion": "1.0.0.0"
}