{
  "properties": {
    "connectionReferences": {
      "shared_microsoftbookings": {
        "runtimeSource": "embedded",
        "connection": {
          "connectionReferenceLogicalName": "boobcm_sharedmicrosoftbookings_0acfb"
        },
        "api": {
          "name": "shared_microsoftbookings"
        }
      },
      "shared_dynamicssmbsaas": {
        "runtimeSource": "embedded",
        "connection": {
          "connectionReferenceLogicalName": "boobcm_shareddynamicssmbsaas_effca"
        },
        "api": {
          "name": "shared_dynamicssmbsaas"
        }
      }
    },
    "definition": {
      "$schema": "https://schema.management.azure.com/providers/Microsoft.Logic/schemas/2016-06-01/workflowdefinition.json#",
      "contentVersion": "1.0.0.0",
      "parameters": {
        "$authentication": {
          "defaultValue": {},
          "type": "SecureObject"
        },
        "$connections": {
          "defaultValue": {},
          "type": "Object"
        }
      },
      "triggers": {
        "When_a_appointment_is_Created": {
          "metadata": {
            "operationMetadataId": "5bf2e301-48d6-44cb-b5b7-f3102f806d50"
          },
          "type": "OpenApiConnectionWebhook",
          "inputs": {
            "parameters": {
              "SMTPAddress": "bookappointment@matchbusinesscentral.com"
            },
            "host": {
              "apiId": "/providers/Microsoft.PowerApps/apis/shared_microsoftbookings",
              "operationId": "CreateAppointment",
              "connectionName": "shared_microsoftbookings"
            }
          }
        }
      },
      "actions": {
        "Initialize_variable": {
          "runAfter": {},
          "type": "InitializeVariable",
          "inputs": {
            "variables": [
              {
                "name": "RequiredAttendees",
                "type": "string"
              }
            ]
          }
        },
        "For_each_1": {
          "foreach": "@triggerOutputs()?['body/StaffMembers']",
          "actions": {
            "Append_to_string_variable": {
              "type": "AppendToStringVariable",
              "inputs": {
                "name": "RequiredAttendees",
                "value": "@item()?['EmailAddress'] "
              }
            },
            "Append_to_string_variable_1": {
              "runAfter": {
                "Append_to_string_variable": [
                  "Succeeded"
                ]
              },
              "type": "AppendToStringVariable",
              "inputs": {
                "name": "RequiredAttendees",
                "value": ";"
              }
            }
          },
          "runAfter": {
            "Initialize_variable": [
              "Succeeded"
            ]
          },
          "type": "Foreach"
        },
        "For_each": {
          "foreach": "@triggerOutputs()?['body/Customers']",
          "actions": {
            "Create_record_(V3)": {
              "type": "OpenApiConnection",
              "inputs": {
                "parameters": {
                  "bcenvironment": "TEST2",
                  "company": "44145ffa-beb8-f011-bbd1-000d3aa808b2",
                  "dataset": "matchbc/bookingsBOOBCM/v1.0",
                  "table": "bookingsBOOBCM",
                  "item/subject": "@triggerOutputs()?['body/CustomerName']",
                  "item/startDateTime": "@triggerOutputs()?['body/StartTime']",
                  "item/endDateTime": "@triggerOutputs()?['body/EndTime']",
                  "item/organizer": "@item()?['EmailAddress']",
                  "item/timeZone": "@item()?['TimeZone']",
                  "item/icalUID": "@triggerOutputs()?['body/Id']",
                  "item/webLink": "@triggerOutputs()?['body/JoinWebURL']",
                  "item/requiredAttendees": "@substring(variables('RequiredAttendees'), 0, sub(length(variables('RequiredAttendees')), 1))\r\n",
                  "item/source": "BookingsMicrosoft",
                  "item/customerId": "@triggerOutputs()?['body/CustomerId']",
                  "item/customerName": "@triggerOutputs()?['body/CustomerName']",
                  "item/customerPhone": "@triggerOutputs()?['body/CustomerPhone']",
                  "item/customerEmail": "@triggerOutputs()?['body/CustomerEmail']",
                  "item/customerNotes": "@item()?['Notes']",
                  "item/serviceId": "@triggerOutputs()?['body/ServiceId']",
                  "item/serviceName": "@triggerOutputs()?['body/ServiceName']",
                  "item/customerAddress": "@triggerOutputs()?['body/CustomerLocation/DisplayName']",
                  "item/customerQuestionAnswers": "@triggerOutputs()?['body/CustomQuestionAnswers']",
                  "item/cancelReason": "@triggerOutputs()?['body/CancelReason']",
                  "item/BookingsIdMicrosoft": "@triggerOutputs()?['body/SelfServiceAppointmentId']"
                },
                "host": {
                  "apiId": "/providers/Microsoft.PowerApps/apis/shared_dynamicssmbsaas",
                  "operationId": "PostItemV3",
                  "connectionName": "shared_dynamicssmbsaas"
                }
              }
            }
          },
          "runAfter": {
            "For_each_1": [
              "Succeeded"
            ]
          },
          "type": "Foreach"
        }
      }
    },
    "templateName": null
  },
  "schemaVersion": "1.0.0.0"
}