{
  "properties": {
    "connectionReferences": {
      "shared_microsoftbookings": {
        "runtimeSource": "embedded",
        "connection": {
          "connectionReferenceLogicalName": "boobcm_sharedmicrosoftbookings_0acfb"
        },
        "api": {
          "name": "shared_microsoftbookings"
        }
      },
      "shared_dynamicssmbsaas": {
        "runtimeSource": "embedded",
        "connection": {
          "connectionReferenceLogicalName": "boobcm_shareddynamicssmbsaas_effca"
        },
        "api": {
          "name": "shared_dynamicssmbsaas"
        }
      }
    },
    "definition": {
      "$schema": "https://schema.management.azure.com/providers/Microsoft.Logic/schemas/2016-06-01/workflowdefinition.json#",
      "contentVersion": "1.0.0.0",
      "parameters": {
        "$authentication": {
          "defaultValue": {},
          "type": "SecureObject"
        },
        "$connections": {
          "defaultValue": {},
          "type": "Object"
        }
      },
      "triggers": {
        "When_an_appointment_is_Cancelled": {
          "type": "OpenApiConnectionWebhook",
          "inputs": {
            "parameters": {
              "SMTPAddress": "bookappointment@matchbusinesscentral.com"
            },
            "host": {
              "apiId": "/providers/Microsoft.PowerApps/apis/shared_microsoftbookings",
              "operationId": "CancelAppointment",
              "connectionName": "shared_microsoftbookings"
            }
          }
        }
      },
      "actions": {
        "Delete_record_(V3)": {
          "runAfter": {},
          "type": "OpenApiConnection",
          "inputs": {
            "parameters": {
              "bcenvironment": "TEST2",
              "company": "44145ffa-beb8-f011-bbd1-000d3aa808b2",
              "dataset": "matchbc/bookingsBOOBCM/v1.0",
              "table": "bookingsBOOBCM",
              "id": "@triggerOutputs()?['body/SelfServiceAppointmentId']"
            },
            "host": {
              "apiId": "/providers/Microsoft.PowerApps/apis/shared_dynamicssmbsaas",
              "operationId": "DeleteItemV3",
              "connectionName": "shared_dynamicssmbsaas"
            }
          }
        }
      },
      "outputs": {}
    },
    "templateName": null
  },
  "schemaVersion": "1.0.0.0"
}