{
  "properties": {
    "connectionReferences": {
      "shared_microsoftbookings-1": {
        "runtimeSource": "embedded",
        "connection": {
          "connectionReferenceLogicalName": "boobcm_sharedmicrosoftbookings_6f812"
        },
        "api": {
          "name": "shared_microsoftbookings"
        }
      },
      "shared_dynamicssmbsaas": {
        "runtimeSource": "embedded",
        "connection": {
          "connectionReferenceLogicalName": "boobcm_shareddynamicssmbsaas_effca"
        },
        "api": {
          "name": "shared_dynamicssmbsaas"
        }
      }
    },
    "definition": {
      "$schema": "https://schema.management.azure.com/providers/Microsoft.Logic/schemas/2016-06-01/workflowdefinition.json#",
      "contentVersion": "1.0.0.0",
      "parameters": {
        "$authentication": {
          "defaultValue": {},
          "type": "SecureObject"
        },
        "$connections": {
          "defaultValue": {},
          "type": "Object"
        }
      },
      "triggers": {
        "When_an_appointment_is_Updated": {
          "metadata": {
            "operationMetadataId": "af0ba10a-fe25-4222-b890-96501e18aaf7"
          },
          "type": "OpenApiConnectionWebhook",
          "inputs": {
            "parameters": {
              "SMTPAddress": "bookappointment@matchbusinesscentral.com\n"
            },
            "host": {
              "apiId": "/providers/Microsoft.PowerApps/apis/shared_microsoftbookings",
              "operationId": "UpdateAppointment",
              "connectionName": "shared_microsoftbookings-1"
            }
          }
        }
      },
      "actions": {
        "Update_record_(V3)": {
          "runAfter": {
            "Append_to_string_variable_1": [
              "Succeeded"
            ]
          },
          "type": "OpenApiConnection",
          "inputs": {
            "parameters": {
              "bcenvironment": "TEST2",
              "company": "44145ffa-beb8-f011-bbd1-000d3aa808b2",
              "dataset": "matchbc/bookingsBOOBCM/v1.0",
              "table": "bookingsBOOBCM",
              "id": "@triggerOutputs()?['body/SelfServiceAppointmentId']",
              "item/startDateTime": "@triggerOutputs()?['body/StartTime']",
              "item/endDateTime": "@triggerOutputs()?['body/EndTime']"
            },
            "host": {
              "apiId": "/providers/Microsoft.PowerApps/apis/shared_dynamicssmbsaas",
              "operationId": "PatchItemV3",
              "connectionName": "shared_dynamicssmbsaas"
            }
          }
        },
        "Initialize_variable": {
          "runAfter": {
            "Compose": [
              "Succeeded"
            ]
          },
          "type": "InitializeVariable",
          "inputs": {
            "variables": [
              {
                "name": "Myid",
                "type": "string"
              }
            ]
          }
        },
        "Append_to_string_variable_1": {
          "runAfter": {
            "Initialize_variable": [
              "Succeeded"
            ]
          },
          "type": "AppendToStringVariable",
          "inputs": {
            "name": "Myid",
            "value": "@concat( '{', triggerOutputs()?['body/SelfServiceAppointmentId'], '}')"
          }
        },
        "Compose": {
          "runAfter": {},
          "type": "Compose",
          "inputs": " @{concat('{',triggerOutputs()?['body/SelfServiceAppointmentId'],'}')}"
        }
      }
    },
    "templateName": null
  },
  "schemaVersion": "1.0.0.0"
}