{
  "properties": {
    "connectionReferences": {
      "shared_office365": {
        "runtimeSource": "embedded",
        "connection": {
          "connectionReferenceLogicalName": "cr69d_agent.shared_office365.shared-office365-175815df-3e46-4ebd-a420-a4a435c785bd"
        },
        "api": {
          "name": "shared_office365"
        }
      },
      "shared_dynamicssmbsaas": {
        "runtimeSource": "embedded",
        "connection": {
          "connectionReferenceLogicalName": "boobcm_shareddynamicssmbsaas_effca"
        },
        "api": {
          "name": "shared_dynamicssmbsaas"
        }
      }
    },
    "definition": {
      "$schema": "https://schema.management.azure.com/providers/Microsoft.Logic/schemas/2016-06-01/workflowdefinition.json#",
      "contentVersion": "1.0.0.0",
      "parameters": {
        "$authentication": {
          "defaultValue": {},
          "type": "SecureObject"
        },
        "$connections": {
          "defaultValue": {},
          "type": "Object"
        }
      },
      "triggers": {
        "When_an_event_is_added,_updated_or_deleted_(V3)": {
          "splitOn": "@triggerOutputs()?['body/value']",
          "metadata": {
            "operationMetadataId": "a7f8f0f0-99d0-426f-90ca-18ca09d7b328"
          },
          "type": "OpenApiConnectionNotification",
          "inputs": {
            "parameters": {
              "table": "AQMkAGNlYmU3MzQ3LTdlMzktNDc1ZC1hNTliLTYwNmZjZjUwZDc4ZABGAAADwIkkHFxFj0_CFiq0_kXNMAcAceWaccZokEuawr-lfJcUvwAAAgEGAAAAceWaccZokEuawr-lfJcUvwAAAjolAAAA",
              "incomingDays": 300,
              "pastDays": 50
            },
            "host": {
              "apiId": "/providers/Microsoft.PowerApps/apis/shared_office365",
              "operationId": "CalendarGetOnChangedItemsV3",
              "connectionName": "shared_office365"
            }
          },
          "conditions": [
            {
              "expression": "@not(    and(       equals(triggerOutputs()?['body/ActionType'], 'updated'),       equals(triggerOutputs()?['body/ChangeType'], 'created')    ) )"
            }
          ]
        }
      },
      "actions": {
        "Condition": {
          "actions": {
            "Condition_2": {
              "actions": {},
              "runAfter": {
                "Create_record_(V3)": [
                  "Succeeded"
                ]
              },
              "else": {
                "actions": {}
              },
              "expression": {
                "and": [
                  {
                    "equals": [
                      "@variables('BookingHasBeenCreated')",
                      true
                    ]
                  }
                ]
              },
              "type": "If"
            },
            "Create_record_(V3)": {
              "type": "OpenApiConnection",
              "inputs": {
                "parameters": {
                  "bcenvironment": "TEST2",
                  "company": "44145ffa-beb8-f011-bbd1-000d3aa808b2",
                  "dataset": "matchbc/bookingsBOOBCM/v1.0",
                  "table": "bookingsBOOBCM",
                  "item/subject": "@triggerOutputs()?['body/subject']",
                  "item/startDateTime": "@formatDateTime(triggerOutputs()?['body/start'], 'yyyy-MM-ddTHH:mm:ssZ')",
                  "item/endDateTime": "@formatDateTime(triggerOutputs()?['body/end'], 'yyyy-MM-ddTHH:mm:ssZ')",
                  "item/organizer": "@triggerOutputs()?['body/organizer']",
                  "item/timeZone": "@triggerOutputs()?['body/timeZone']",
                  "item/icalUID": "@triggerOutputs()?['body/iCalUId']",
                  "item/webLink": "@triggerOutputs()?['body/webLink']",
                  "item/requiredAttendees": "@triggerOutputs()?['body/requiredAttendees']",
                  "item/optionalAttendees": "@triggerOutputs()?['body/optionalAttendees']",
                  "item/resourceAttendees": "@triggerOutputs()?['body/resourceAttendees']",
                  "item/location": "@triggerOutputs()?['body/location']",
                  "item/outlookImportance": "@triggerOutputs()?['body/importance']",
                  "item/isAllDayEvent": "@triggerOutputs()?['body/isAllDay']",
                  "item/source": "Outlook",
                  "item/outlookId": "@triggerOutputs()?['body/id']",
                  "item/category": "@triggerOutputs()?['body/categories']",
                  "item/outlookShownAs": "@triggerOutputs()?['body/showAs']"
                },
                "host": {
                  "apiId": "/providers/Microsoft.PowerApps/apis/shared_dynamicssmbsaas",
                  "operationId": "PostItemV3",
                  "connectionName": "shared_dynamicssmbsaas"
                }
              }
            }
          },
          "runAfter": {
            "Set_variable": [
              "Succeeded"
            ]
          },
          "else": {
            "actions": {
              "Condition_1": {
                "actions": {
                  "Run_action_(V3)": {
                    "type": "OpenApiConnection",
                    "inputs": {
                      "parameters": {
                        "bcenvironment": "TEST2",
                        "company": "44145ffa-beb8-f011-bbd1-000d3aa808b2",
                        "dataset": "matchbc/bookingsBOOBCM/v1.0",
                        "procedure": "functionsBOOBCM-deleteOutlookID",
                        "parameters/primaryKey": "''",
                        "parameters/myOutlookId": "@triggerOutputs()?['body/id']"
                      },
                      "host": {
                        "apiId": "/providers/Microsoft.PowerApps/apis/shared_dynamicssmbsaas",
                        "operationId": "ExecuteProcedureV3",
                        "connectionName": "shared_dynamicssmbsaas"
                      }
                    }
                  }
                },
                "else": {
                  "actions": {
                    "Update_record_(V3)_1": {
                      "type": "OpenApiConnection",
                      "inputs": {
                        "parameters": {
                          "bcenvironment": "TEST2",
                          "company": "44145ffa-beb8-f011-bbd1-000d3aa808b2",
                          "dataset": "matchbc/bookingsBOOBCM/v1.0",
                          "table": "bookingsBOOBCM",
                          "id": "@triggerOutputs()?['body/iCalUId']",
                          "item/subject": "@triggerOutputs()?['body/subject']",
                          "item/startDateTime": "@formatDateTime(triggerOutputs()?['body/start'], 'yyyy-MM-ddTHH:mm:ssZ')",
                          "item/endDateTime": "@formatDateTime(triggerOutputs()?['body/end'], 'yyyy-MM-ddTHH:mm:ssZ')",
                          "item/organizer": "@triggerOutputs()?['body/organizer']",
                          "item/timeZone": "@triggerOutputs()?['body/timeZone']",
                          "item/requiredAttendees": "@triggerOutputs()?['body/requiredAttendees']",
                          "item/optionalAttendees": "@triggerOutputs()?['body/optionalAttendees']",
                          "item/resourceAttendees": "@triggerOutputs()?['body/resourceAttendees']",
                          "item/location": "@triggerOutputs()?['body/location']",
                          "item/isAllDayEvent": "@triggerOutputs()?['body/isAllDay']",
                          "item/category": "@triggerOutputs()?['body/categories']",
                          "item/outlookShownAs": "@triggerOutputs()?['body/showAs']"
                        },
                        "host": {
                          "apiId": "/providers/Microsoft.PowerApps/apis/shared_dynamicssmbsaas",
                          "operationId": "PatchItemV3",
                          "connectionName": "shared_dynamicssmbsaas"
                        }
                      }
                    }
                  }
                },
                "expression": {
                  "and": [
                    {
                      "equals": [
                        "@triggerOutputs()?['body/ActionType']",
                        "deleted"
                      ]
                    }
                  ]
                },
                "type": "If"
              }
            }
          },
          "expression": {
            "and": [
              {
                "equals": [
                  "@triggerOutputs()?['body/ActionType']",
                  "added"
                ]
              },
              {
                "equals": [
                  "@variables('BookingHasBeenCreated')",
                  "False"
                ]
              }
            ]
          },
          "metadata": {
            "operationMetadataId": "12372fae-4aac-4021-8a28-a18aa98c7739"
          },
          "type": "If"
        },
        "Initialize_variable": {
          "runAfter": {},
          "type": "InitializeVariable",
          "inputs": {
            "variables": [
              {
                "name": "BookingHasBeenCreated",
                "type": "string"
              }
            ]
          }
        },
        "Run_action_(V3)_1": {
          "runAfter": {
            "Initialize_variable": [
              "Succeeded"
            ]
          },
          "type": "OpenApiConnection",
          "inputs": {
            "parameters": {
              "bcenvironment": "TEST2",
              "company": "44145ffa-beb8-f011-bbd1-000d3aa808b2",
              "dataset": "matchbc/bookingsBOOBCM/v1.0",
              "procedure": "functionsBOOBCM-bookingExists",
              "parameters/primaryKey": "''",
              "parameters/id": "@triggerOutputs()?['body/iCalUId']"
            },
            "host": {
              "apiId": "/providers/Microsoft.PowerApps/apis/shared_dynamicssmbsaas",
              "operationId": "ExecuteProcedureV3",
              "connectionName": "shared_dynamicssmbsaas"
            }
          }
        },
        "Set_variable": {
          "runAfter": {
            "Run_action_(V3)_1": [
              "Succeeded"
            ]
          },
          "type": "SetVariable",
          "inputs": {
            "name": "BookingHasBeenCreated",
            "value": "@outputs('Run_action_(V3)_1')?['body/OutputParameters/value']"
          }
        }
      }
    },
    "templateName": null
  },
  "schemaVersion": "1.0.0.0"
}